{
    "products": [
      {
        "id": 1,
        "name": "Rainbow Bright Tennis Qolbağı",
        "price": "$987",
        "category": "qolbaq",
        "description": "Nəzərə alın ki, bütün daşlar unikaldır və rənglər bir qədər fərqli olacaq",
        "img1": "./Image/1.png",
        "img2": "./Image/1.1.jpeg",
        "img3": "./Image/1.2.jpeg",
        "type": "10K Qızıl",
        "color": "qızılı"
      },
      {
        "id": 2,
        "name": "Üç brilyant boyunbağı",
        "price": "$1721",
        "category": "boyunbağı",
        "description": "3x 2 mm yuvarlaq ağ brilyantlar. Ağ almaz: 0,15 ct. Əl ilə seçilmiş çox yaxşı kəsilmiş GH/SI-dən I almazlara. Bərk 14k qızıl çərçivə qəbulu. Ağ qızıl parçaları rodiumla örtülmüşdür. Bərk 14k qızıl zəncir və qapaq",
        "img1": "./Image/2.png",
        "img2": "./Image/2.1.jpeg", 
        "img3": "./Image/1.2.png",
        "type": "14K Sarı Qızıl",
        "color": "qızılı"
      },
      {
        "id": 3,
        "name": "Pastel Butterfly Studs",
        "price": "$566",
        "category": "sırğa",
        "description": "10K Solid Sarı Qızıl.Dairəvi Çəhrayı Safir.Markiz Tanzaniti kəsdi.Nəzərə alın ki, hər sırğa unikaldır və daş rəngləri bir qədər fərqli olacaq.Cüt olaraq satılır",
        "img1": "./Image/3.png",
        "img2": "./Image/3.1.jpeg",
        "img3": "./Image/3.2.jpeg",
        "type": "10K Qızıl",
        "color": "qızılı"
      },
      {
        "id": 4,
        "name": "Çəhrayı Güclü Açıq Dairə Üzük",
        "price": "$555",
        "category": "üzük",
        "description": "10k bərk sarı qızıl.Marquise yaqut.Şahzadə yaqut.Baget yaqut.Dəyirmi rhodolit.Dəyirmi çəhrayı sapfir.Qeyd edək ki, bütün daşlar unikaldır və rəngləri bir qədər fərqli olacaq.",
        "img1": "./Image/4.png",
        "img2": "./Image/4.1.jpeg",
        "img3": "./Image/4.2.jpeg",
        "type": "10K Qızıl",
        "color": "çəhrayı"
      },
      {
        "id": 5,
        "name": "Rainbow Bright Tennis Boyunbağı",
        "price": "$2950",
        "category": "boyunbağı",
        "description": "Nəzərə alın ki, bütün daşlar unikaldır və rənglər bir qədər fərqli olacaq",
        "img1": "./Image/5.png",
        "img2": "./Image/5.1.jpeg",
        "img3": "./Image/5.2.png",
        "type": "10K Qızıl",
        "color": "qızılı"
      },
      {
        "id": 6,
        "name": "Kiçik Qızıl Huggie Clicker Sırğa",
        "price": "$90",
        "category": "Sırğa",
        "description": "14k bütöv sarı qızıl.13mm Xarici diametri.10mm Daxili diametri.Menteşeli qapalı.Tək sırğa kimi satılır.",
        "img1": "./Image/6.png",
        "img2": "./Image/6.1.jpeg",
        "img3": "./Image/6.2png",
        "type": "14K Qızıl",
        "color": "qızılı"
      },
      {
        "id": 7,
        "name": "Mini Pinky Signet Üzüyü",
        "price": "$780",
        "category": "üzük",
        "description": "10K bərk sarı qızıl.6.9mm x 5.7mm Üz.1.3mm bant genişliyi.Oyma Şrifti: Kursiv üslubu - Yalnız böyük hərf və fərdiləşdirmə yoxdur. 'YOX' seçilərsə, heç bir oyma daxil edilməyəcək. Həkk olunubsa, bu məhsul son məhsuldur. satılır və geri qaytarılmır.",
        "img1": "./Image/7.png",
        "img2": "./Image/7.1.jpeg",
        "img3": "./Image/7.2png",
        "type": "10K Qızıl",
        "color": "qızılı"
      },
      {
        "id": 8,
        "name": "Böyük Pave Pis Göz Boyunbağı",
        "price": "$1290",
        "category": "boyunbağı",
        "description": "10K Solid Sarı Qızıl.10mm Kulon.1.1mm Kullonun qalınlığı.16mm Zəncir uzunluğu. Kulon zəncir üzərində hərəkət edir.",
        "img1": "./Image/8.png",
        "img2": "./Image/8.1.jpeg",
        "img3": "./Image/8.2.jpeg",
        "type": "10K Qızıl",
        "color": "qızılı"
      },
      {
        "id": 9,
        "name": "Le Bleu Aypara Boyunbağı",
        "price": "425$",
        "category": "boyunbağı",
        "description": "10K Solid Sarı Qızıl.10mm Kulon.1.1mm Kullonun qalınlığı.16mm Zəncir uzunluğu. Kulon zəncir üzərində hərəkət edir.",
        "img1": "./Image/9.png",
        "img2": "./Image/9.1.jpeg",
        "img3": "./Image/9.2.png",
        "type": "10K Qızıl",
        "color": "mavi"
      },
      {
        "id": 10,
        "name": "Only The Finest Tennis Qolbaq",
        "price": "$1450",
        "category": "qolbaq",
        "description": "A beautifully light and precious 14kt gold bracelet with a pear diamond drop. An Akoya pearl floats on the chain to add to the minimalist design.",
        "img1": "./Image/10.png",
        "img2": "./Image/10.1.jpeg",
        "img3": "./Image/10.2.png",
        "type": "10K Qızıl",
        "color": "qızılı"
      },
      {
        "id": 11,
        "name": "Brilyant Kəpənək Kulonu",
        "price": "50$",
        "category": "boyunbağı",
        "description": "Heart Stone Drop Earrings",
        "img1": "./Image/11.png",
        "img2": "./Image/11.1.jpeg",
        "img3": "./Image/11.2.png",
        "type": "10K Qızıl",
        "color": "qızılı"
      },
      {
        "id": 12,
        "name": "Kiçik içi boş halqa sırğalar",
        "price": "$260",
        "category": "sırğa",
        "description": "14K bərk qızıl. Xarici diametri: 15mm. Daxili diametri: 9.5mm.3mm qalın.",
        "img1": "./Image/12.png",
        "img2": "./Image/12.1.jpeg",
        "img3": "./Image/12.2.png",
        "type": "10K Qızıl",
        "color": "qızılı"
      },
      {
        "id": 13,
        "name": "Rainbow Huggie-nin üstündəki ikinci çuxur",
        "price": "$185",
        "category": "sırğa",
        "description": "This 14kt gold and diamond bangle is striking modernity with a freshwater pearl offset from the diamonds. A hinged clasp makes it easy to wear.",
        "img1": "./Image/13.png",
        "img2": "./Image/13.1.jpeg",
        "img3": "./Image/13.2.png",
        "type": "10K Qızıl",
        "color": "qızılı"
      },
      {
        "id": 14,
        "name": "Sidecross Diamond Necklace",
        "price": "867$",
        "category": "necklace",
        "description": "This 14kt gold side cross necklace defined her style and vision when she first began designing jewelry. Her proportions and look have inspired many yet it is always most gratifying to own the original. With this piece she adds a diamond on both sides of the cross allowing to flip and always be seen. That attention to detail is what sets Mizuki apart.",
        "img1": "./Image/4.png",
        "img2": "./Image/4.png",
        "img3": "./Image/4.png",
        "type": "10K Qızıl",
        "color": "qızılı"
      },
      {
        "id": 15,
        "name": "Pearl Diamond Ring",
        "price": "612$",
        "category": "ring",
        "description": "This 14kt gold ring perfectly balances a freshwater pearl against the single row of diamonds.",
        "img1": "./Image/4.png",
        "img2": "./Image/4.png",
        "img3": "./Image/4.png",
        "type": "10K Qızıl",
        "color": "qızılı"
      },
      {
        "id": 16,
        "name": "Medium Ballchain with Two Row Diamond Slider Necklace",
        "price": "790$",
        "category": "necklace",
        "description": "A 14kt gold medium ballchain necklace with a two row diamond slider. A cool modern look.",
        "img1": "./Image/4.png",
        "img2": "./Image/4.png",
        "img3": "./Image/4.png",
        "type": "10K Qızıl",
        "color": "qızılı"
      },
      {
        "id": 17,
        "name": "Multi Pearl Drop Bracelet",
        "price": "510$",
        "category": "bracelet",
        "description": "Drop shaped Akoya pearls drop from the 14kt gold chain. They effortlessly move as you do. Perfect for any outfit.",
        "img1": "./Image/4.png",
        "img2": "./Image/4.png",
        "img3": "./Image/4.png",
        "type": "10K Qızıl",
        "color": "qızılı"
      },
      {
        "id": 18,
        "name": "Small Diamond Ear Cuff",
        "price": "178$",
        "category": "earring",
        "description": "Modern and timeless style. This 14kt gold diamond ear cuff could not say it better. Sold as a single.",
        "img1": "./Image/4.png",
        "img2": "./Image/4.png",
        "img3": "./Image/4.png",
        "type": "10K Qızıl",
        "color": "qızılı"
      },
      {
        "id": 19,
        "name": " Pear Diamond with Pearl Drop Bracelet",
        "price": "398$",
        "category": "bracelet",
        "description": "Elevate your look with beautiful precious gems from the Luxe collection. 14kt gold chain with a fancy cut pear shaped diamond. An Akoya pearl drops from the clasp for a touch only Meliora creates. Precious and refined for everyday.",
        "img1": "./Image/4.png",
        "img2": "./Image/4.png",
        "img3": "./Image/4.png",
        "type": "10K Qızıl",
        "color": "qızılı"
      },
      {
        "id": 20,
        "name": "Double Pear Diamond Drop Earrings",
        "price": "130$",
        "category": "earring",
        "description": "Elevate your look with beautiful precious gems from the Luxe collection. A pure example of Meliora's delicate beauty. 14kt gold with fancy cut pear shaped diamonds connect in perfect harmony.",
        "img1": "./Image/4.png",
        "img2": "./Image/4.png",
        "img3": "./Image/4.png",
        "type": "10K Qızıl",
        "color": "qızılı"
      },
      {
        "id": 21,
        "name": "South Sea Pearl and Pear Diamond Y Necklace",
        "price": "1230$",
        "category": "necklace",
        "description": "Elevate your look with beautiful precious gems from the Luxe collection.Meliora's always fashionable Y necklace in 14kt gold is adorned with a fancy cut pear shaped diamond and a stunning white South Sea pearl that drops below. Effortlessly perfect.",
        "img1": "./Image/4.png",
        "img2": "./Image/4.png",
        "img3": "./Image/4.png",
        "type": "10K Qızıl",
        "color": "qızılı"
      },
      {
        "id": 22,
        "name": " Cascading Pearl Earrings",
        "price": "390$",
        "category": "earring",
        "description": "Signature Meliora. 14kt gold earrings with cascading Akoya pearls. The length is very versatile from day to night. Designed on gold chain which allows a very fluid movement.",
        "img1": "./Image/4.png",
        "img2": "./Image/4.png",
        "img3": "./Image/4.png",
        "type": "10K Qızıl",
        "color": "qızılı"
      },
      {
        "id": 23,
        "name": "Small Ballchain and Pearl with Diamond Star Medallion Necklace",
        "price": "1000$",
        "category": "necklace",
        "description": "A 14kt gold small ballchain necklace. Sliding next to a freshwater pearl is a diamond star medallion. A cool modern look.",
        "img1": "./Image/4.png",
        "img2": "./Image/4.png",
        "img3": "./Image/4.png",
        "type": "10K Qızıl",
        "color": "qızılı"
      },
      {
        "id": 24,
        "name": "Baby Pearl Hoop Earrings with Diamonds ",
        "price": "376$",
        "category": "earring",
        "description": "Cutest 14kt baby hoop earrings have Akoya pearls for beautiful color and matching size. Diamond drops add the perfect pop. The silhouette is both light and versatile.",
        "img1": "./Image/4.png",
        "img2": "./Image/4.png",
        "img3": "./Image/4.png",
        "type": "10K Qızıl",
        "color": "qızılı"
      },
      {
        "id": 25,
        "name": "Large Pearl and Diamond Open Ring",
        "price": "743$",
        "category": "ring",
        "description": "Modern, unique and refined. This 14kt gold, diamond and freshwater pearl ring is an iconic Mizuki piece and best seller. Incredible to stack or wear alone.",
        "img1": "./Image/4.png",
        "img2": "./Image/4.png",
        "img3": "./Image/4.png",
        "type": "10K Qızıl",
        "color": "qızılı"
      },
      {
        "id": 26,
        "name": "Large Pearl and Diamond Cuff",
        "price": "650$",
        "category": "bracelet",
        "description": "A 14kt gold cuff with minimalist simplicity. A large white freshwater drop pearl is beautifully offset by a diamond in this open cuff. Perfect for everyday and easily stacked.",
        "img1": "./Image/4.png",
        "img2": "./Image/4.png",
        "img3": "./Image/4.png",
        "type": "10K Qızıl",
        "color": "qızılı"
      },
      {
        "id": 27,
        "name": " Single Row Diamond Ring",
        "price": "220$",
        "category": "ring",
        "description": "Modern and refined. For everyday this 14kt gold and diamond ring is perfect.",
        "img1": "./Image/4.png",
        "img2": "./Image/4.png",
        "img3": "./Image/4.png",
        "type": "10K Qızıl",
        "color": "qızılı"
      },
      {
        "id": 28,
        "name": "Small Diamond Star and Pearl Earrings",
        "price": "935$",
        "category": "earring",
        "description": "Meliora's beautiful 14kt gold and diamond star earrings. Pearl tops make all the difference.",
        "img1": "./Image/4.png",
        "img2": "./Image/4.png",
        "img3": "./Image/4.png",
        "type": "10K Qızıl",
        "color": "qızılı"
      },
      {
        "id": 29,
        "name": "Floating Pearl Chain with Small Diamond Star Necklace",
        "price": "1300$",
        "category": "necklace",
        "description": "A 14kt small diamond star slides on a precious floating baby Akoya pearl adjustable chain. The charm can be removed and wear the necklace alone.",
        "img1": "./Image/4.png",
        "img2": "./Image/4.png",
        "img3": "./Image/4.png",
        "type": "10K Qızıl",
        "color": "qızılı"
      },
      {
        "id": 30,
        "name": "Single Row Diamond Ring",
        "price": "85$",
        "category": "ring",
        "description": "Modern and refined. For everyday this 14kt gold and diamond ring is perfect.",
        "img1": "./Image/4.png",
        "img2": "./Image/4.png",
        "img3": "./Image/4.png",
        "type": "10K Qızıl",
        "color": "qızılı"
      },
      {
        "id": 31,
        "name": "Freshwater Pearl Necklace ",
        "price": "2450$",
        "category": "necklace",
        "description": "The essential pearl necklace with a 14kt gold clasp. Its uniqueness is set off by a large center pearl. Fashionable for any occasion.",
        "img1": "./Image/4.png",
        "img2": "./Image/4.png",
        "img3": "./Image/4.png",
        "type": "10K Qızıl",
        "color": "qızılı"
      },
      {
        "id": 32,
        "name": " Large Diamond Hoops",
        "price": "123$",
        "category": "earring",
        "description": "14kt gold and diamond large oval hoops. Diamonds in front and back for an extra sparkle. Great alone or on an ear stack.",
        "img1": "./Image/4.png",
        "img2": "./Image/4.png",
        "img3": "./Image/4.png",
        "type": "10K Qızıl",
        "color": "qızılı"
      },
      {
        "id": 33,
        "name": " Diamond Heart and Pearl Bracelet",
        "price": "730$",
        "category": "bracelet",
        "description": "A precious diamond heart 14kt gold bracelet. An Akoya pearl creates the perfect balance and adds to its uniqueness.",
        "img1": "./Image/4.png",
        "img2": "./Image/4.png",
        "img3": "./Image/4.png",
        "type": "10K Qızıl",
        "color": "qızılı"
      },
      {
        "id": 34,
        "name": "Single Row and Pearl Diamond Ring",
        "price": "870$",
        "category": "ring",
        "description": "So modern, so Meliora. This 14kt gold ring perfectly balances a freshwater pearl against the single row of diamonds.",
        "img1": "./Image/4.png",
        "img2": "./Image/4.png",
        "img3": "./Image/4.png",
        "type": "10K Qızıl",
        "color": "qızılı"
      },
      {
        "id": 35,
        "name": "Diamond Hoops with Large Pearl Drop",
        "price": "1309$",
        "category": "earring",
        "description": "Classic teardrop shaped freshwater pearl and diamond earrings. Timeless design in 14kt gold.",
        "img1": "./Image/4.png",
        "img2": "./Image/4.png",
        "img3": "./Image/4.png",
        "type": "10K Qızıl",
        "color": "qızılı"
      },
      {
        "id": 36,
        "name": "Centered Baby Akoya Pearl Necklace",
        "price": "1980$",
        "category": "necklace",
        "description": "An amazingly versatile necklace. Baby Akoya pearls float on 14kt gold chain.",
        "img1": "./Image/4.png",
        "img2": "./Image/4.png",
        "img3": "./Image/4.png",
        "type": "10K Qızıl",
        "color": "qızılı"
      },
      {
        "id": 37,
        "name": "Small Diamond Heart and Pearl Ring",
        "price": "180$",
        "category": "ring",
        "description": "Precious and perfect.Our's sensibilities are on full display with this 14kt yellow gold with freshwater pearl and diamond puffy heart ring. Proportion and design are everything as it wraps your finger.",
        "img1": "./Image/4.png",
        "img2": "./Image/4.png",
        "img3": "./Image/4.png",
        "type": "10K Qızıl",
        "color": "qızılı"
      },
      {
        "id": 38,
        "name": "Stacked Diamond and Large Pearl Solitaire Necklace",
        "price": "1390$",
        "category": "necklace",
        "description": "This modern solitaire 14kt gold necklace stacks the diamond on top of the large freshwater pearl. Amazing as a gift or addition to any collection.",
        "img1": "./Image/4.png",
        "img2": "./Image/4.png",
        "img3": "./Image/4.png",
        "type": "10K Qızıl",
        "color": "qızılı"
      },
      {
        "id": 39,
        "name": "Short Chain Pearl Drop Earrings",
        "price": "430$",
        "category": "earring",
        "description": "These 14kt gold earrings are light and fun. Akoya pearls wrapped on gold chain are perfect for the everyday. Studs can be worn separately.",
        "img1": "./Image/4.png",
        "img2": "./Image/4.png",
        "img3": "./Image/4.png",
        "type": "10K Qızıl",
        "color": "qızılı"
      },
      {
        "id": 41,
        "name": "Diamond Pear and Floating Pearl Bracelet",
        "price": "460$",
        "category": "bracelet",
        "description": "A beautiful pear diamond drops from a 14kt gold chain where Akoya pearls are stationed just slightly apart to give a floating impression.",
        "img1": "./Image/4.png",
        "img2": "./Image/4.png",
        "img3": "./Image/4.png",
        "type": "10K Qızıl",
        "color": "qızılı"
      },
      {
        "id": 42,
        "name": "Medium Kissing Double Pearl Studs",
        "price": "90$",
        "category": "earring",
        "description": "Taking the size up a notch. Meliora's eye for balance and scale are present in these simple and very wearable studs. Perfect 14kt gold pearl earrings.",
        "img1": "./Image/4.png",
        "img2": "./Image/4.png",
        "img3": "./Image/4.png",
        "type": "10K Qızıl",
        "color": "qızılı"
      },
      {
        "id": 43,
        "name": "Lariat Dancing Pearl with Gold Accent Necklace",
        "price": "540$",
        "category": "necklace",
        "description": "Another Meliora staple, the lariat. Wrapped around the neck in multiple styles gives so many options. 14kt gold beads add a touch of sparkle exactly where needed.",
        "img1": "./Image/4.png",
        "img2": "./Image/4.png",
        "img3": "./Image/4.png",
        "type": "10K Qızıl",
        "color": "qızılı"
      },
      {
        "id": 44,
        "name": "Small Diamond Star and Pearl Ring",
        "price": "195$",
        "category": "ring",
        "description": " Precious and perfect.Proportion and design are everything as it wraps your finger.",
        "img1": "./Image/4.png",
        "img2": "./Image/4.png",
        "img3": "./Image/4.png",
        "type": "10K Qızıl",
        "color": "qızılı"
      },
      {
        "id": 45,
        "name": "Dual Cascading Pearl Necklace",
        "price": "930$",
        "category": "necklace",
        "description": "Dual cascading Akoya pearls grace opposite sides of the body. Pearls perfectly float on a 14kt gold chain which gives amazing movement. Timeless and fashionable for any occasion.",
        "img1": "./Image/4.png",
        "img2": "./Image/4.png",
        "img3": "./Image/4.png",
        "type": "10K Qızıl",
        "color": "qızılı"
      },
      {
        "id": 46,
        "name": "Large Open Marquis Hoop Pearl Earrings",
        "price": "897$",
        "category": "earring",
        "description": "Best seller with white cultured pearls. Large 14kt gold earrings show off the subtle line of white cultured pearls. Mizuki's sense of balance and scale is perfectly showcased.",
        "img1": "./Image/4.png",
        "img2": "./Image/4.png",
        "img3": "./Image/4.png",
        "type": "10K Qızıl",
        "color": "qızılı"
      },
      {
        "id": 47,
        "name": "Three Strand Dancing Pearl Bracelet",
        "price": "840$",
        "category": "bracelet",
        "description": "Three strands of baby freshwater pearls strung together with a 14kt gold clasp. Our's 'dancing pearls' great alone or in a stack.",
        "img1": "./Image/4.png",
        "img2": "./Image/4.png",
        "img3": "./Image/4.png",
        "type": "10K Qızıl",
        "color": "qızılı"
      },
      {
        "id": 48,
        "name": "Kissing Double Pearl Safety Pin Earrings",
        "price": "120$",
        "category": "earring",
        "description": "These 14kt small safety pin earrings are cool and fashionable. Kissing Double Akoya pearls create a unique look.",
        "img1": "./Image/4.png",
        "img2": "./Image/4.png",
        "img3": "./Image/4.png",
        "type": "10K Qızıl",
        "color": "qızılı"
      },
      {
        "id": 49,
        "name": "Small Diamond Cluster Necklace",
        "price": "897$",
        "category": "necklace",
        "description": "A beautiful organic cluster of diamonds for a precious necklace in 14kt gold.",
        "img1": "./Image/4.png",
        "img2": "./Image/4.png",
        "img3": "./Image/4.png",
        "type": "10K Qızıl",
        "color": "qızılı"
      },
      {
        "id": 50,
        "name": "Open Multi Diamond and Baroque White Pearl Ring",
        "price": "2300$",
        "category": "ring",
        "description": "Beautiful ring combining movement, diamonds and the luster of a white baroque pearl. The diamonds descend and curve up your finger on the 14 karat gold band. Its striking and a conversation piece. Full size only.",
        "img1": "./Image/4.png",
        "img2": "./Image/4.png",
        "img3": "./Image/4.png",
        "type": "10K Qızıl",
        "color": "qızılı"
      },
      {
        "id": 51,
        "name": "Multi Pearl Drop Necklace",
        "price": "1400$",
        "category": "necklace",
        "description": "Drop shaped Akoya pearls drop from the 14kt gold chain. They effortlessly move as you do. Perfect for any outfit.",
        "img1": "./Image/4.png",
        "img2": "./Image/4.png",
        "img3": "./Image/4.png",
        "type": "10K Qızıl",
        "color": "qızılı"
      },
      {
        "id": 52,
        "name": "Long Dancing Pearl and Gold Accent Earrings",
        "price": "82$",
        "category": "earring",
        "description": "These long 14kt gold with freshwater 'dancing' pearls are light and striking. Layer or wear alone.",
        "img1": "./Image/4.png",
        "img2": "./Image/4.png",
        "img3": "./Image/4.png",
        "type": "10K Qızıl",
        "color": "qızılı"
      },
      {
        "id": 53,
        "name": "Small Diamond Star and Pearl Cuff",
        "price": "505$",
        "category": "bracelet",
        "description": "4kt gold wraps your wrist balanced with a freshwater pearl and diamond star. Great alone or for layering.",
        "img1": "./Image/4.png",
        "img2": "./Image/4.png",
        "img3": "./Image/4.png",
        "type": "10K Qızıl",
        "color": "qızılı"
      },
      {
        "id": 54,
        "name": "Marquis with Baroque White Pearl Earrings",
        "price": "390$",
        "category": "earring",
        "description": "This original Meliora design takes 14 karat gold wire and transforms it into an open marquis shape. With large baroque white freshwater pearls at the ends, they intertwine naturalism and modernism perfectly.",
        "img1": "./Image/4.png",
        "img2": "./Image/4.png",
        "img3": "./Image/4.png",
        "type": "10K Qızıl",
        "color": "qızılı"
      },
      {
        "id": 55,
        "name": "Diamond Heart and Pearl Bracelet",
        "price": "890$",
        "category": "bracelet",
        "description": "A precious diamond heart 14kt gold bracelet. An Akoya pearl creates the perfect balance and adds to its uniqueness.",
        "img1": "./Image/4.png",
        "img2": "./Image/4.png",
        "img3": "./Image/4.png",
        "type": "10K Qızıl",
        "color": "qızılı"
      },
      {
        "id": 56,
        "name": "South Sea Pearl and Multi Pear Diamond Y Necklace",
        "price": "856$",
        "category": "necklace",
        "description": "Elevate your look with beautiful precious gems from the Luxe collection. Mizuki's stunning long Y necklace in 14kt gold is adorned with multi fancy cut pear shaped diamonds with a gorgeous white South Sea pearl that drops below. Modern pearl sensuality at its best.",
        "img1": "./Image/4.png",
        "img2": "./Image/4.png",
        "img3": "./Image/4.png",
        "type": "10K Qızıl",
        "color": "qızılı"
      },
      {
        "id": 57,
        "name": "Floating Baby Pearl Bracelet",
        "price": "165$",
        "category": "bracelet",
        "description": "Baby Akoya pearls centered float on a 14kt chain. Beautifully modern.",
        "img1": "./Image/4.png",
        "img2": "./Image/4.png",
        "img3": "./Image/4.png",
        "type": "10K Qızıl",
        "color": "qızılı"
      },
      {
        "id": 58,
        "name": "Open Diamond and Small White Pearl Ring",
        "price": "300$",
        "category": "ring",
        "description": "Beautiful 14kt gold ring combines a diamond and the luster of a white pearl. Full size only.",
        "img1": "./Image/4.png",
        "img2": "./Image/4.png",
        "img3": "./Image/4.png",
        "type": "10K Qızıl",
        "color": "qızılı"
      },
      {
        "id": 59,
        "name": "Long Single Side Cascading Pearl Necklace",
        "price": "800$",
        "category": "necklace",
        "description": "Where asymmetry meets drama and purpose. Fashionable and striking, this 14kt gold necklace will not let you down. On one side Akoya pearls cascade and float on a gold chain for ease of movement. Layer or wear alone, you can't go wrong.",
        "img1": "./Image/4.png",
        "img2": "./Image/4.png",
        "img3": "./Image/4.png",
        "type": "10K Qızıl",
        "color": "qızılı"
      },
      {
        "id": 60,
        "name": "Medium Diamond Star and Pearl Earrings",
        "price": "1009$",
        "category": "earring",
        "description": "Beautiful 14kt gold and diamond star earrings are a step up in size. Pearl tops make all the difference.",
        "img1": "./Image/4.png",
        "img2": "./Image/4.png",
        "img3": "./Image/4.png",
        "type": "10K Qızıl",
        "color": "qızılı"
      }
    ],
    "blog": [
      {
        "id": 1,
        "name": "Boyunbağı necə qatlanır?",
        "answer1": "Sonrakı nə olursa olsun, görünüşünüzün qalan hissəsi üçün lövbər rolunu oynayacaq parça.",
        "answer2": "İstər qoşa zəncirli, istərsə də cazibədar choker ilə təfərrüat əlavə edərək hər şeyi bir pillə qaldırın.",
        "answer3": "Gözləri çəkmək və diqqəti cəlb etmək üçün kulon və ya cazibə əlavə edərək görünüşü tamamlayın.",
        "answer4": "Rəng əlavə edin, bir neçə mirvari və muncuq atın və ya bir neçə minimalist zəncirlə yenidən düzəldin. Özünü ifadə etməyi müdafiə edən zərgərlik əşyaları ilə istədiyiniz şəkildə qatlayın.",
        "full": "Melioranın boyunbağının qatlanmasına dair bələdçisinə xoş gəlmisiniz, burada yaşadığımız əsas məsləhətləri bölüşürük.Heç düşünmüsünüz ki, neçə laylı boyunbağı çox olur və ya laylı ideyalar axtarırsınız? Çaxnaşma, layinq mütəxəssisi olmağın vaxtıdır.",
        "date": "08.04.2022",
        "img1": "./Image/blog1.jpeg",
        "img2": "./Image/blog1.1.jpeg",
        "img3": "./Image/blog1.jpeg",
        "writer": "Lucy"
      },
      {
        "id": 2,
        "name": "Boyunbağı necə qatlanır?",
        "answer1": "Sonrakı nə olursa olsun, görünüşünüzün qalan hissəsi üçün lövbər rolunu oynayacaq parça.",
        "answer2": "İstər qoşa zəncirli, istərsə də cazibədar choker ilə təfərrüat əlavə edərək hər şeyi bir pillə qaldırın.",
        "answer3": "Gözləri çəkmək və diqqəti cəlb etmək üçün kulon və ya cazibə əlavə edərək görünüşü tamamlayın.",
        "answer4": "Rəng əlavə edin, bir neçə mirvari və muncuq atın və ya bir neçə minimalist zəncirlə yenidən düzəldin. Özünü ifadə etməyi müdafiə edən zərgərlik əşyaları ilə istədiyiniz şəkildə qatlayın.",
        "full": "Melioranın boyunbağının qatlanmasına dair bələdçisinə xoş gəlmisiniz, burada yaşadığımız əsas məsləhətləri bölüşürük.Heç düşünmüsünüz ki, neçə laylı boyunbağı çox olur və ya laylı ideyalar axtarırsınız? Çaxnaşma, layinq mütəxəssisi olmağın vaxtıdır.",
        "date": "08.04.2022",
        "img1": "./Image/blog1.jpeg",
        "img2": "./Image/blog1.1.jpeg",
        "img3": "./Image/blog1.jpeg",
        "writer": "Lucy"
      },
      {
        "id": 3,
        "name": "Boyunbağı necə qatlanır?",
        "answer1": "Sonrakı nə olursa olsun, görünüşünüzün qalan hissəsi üçün lövbər rolunu oynayacaq parça.",
        "answer2": "İstər qoşa zəncirli, istərsə də cazibədar choker ilə təfərrüat əlavə edərək hər şeyi bir pillə qaldırın.",
        "answer3": "Gözləri çəkmək və diqqəti cəlb etmək üçün kulon və ya cazibə əlavə edərək görünüşü tamamlayın.",
        "answer4": "Rəng əlavə edin, bir neçə mirvari və muncuq atın və ya bir neçə minimalist zəncirlə yenidən düzəldin. Özünü ifadə etməyi müdafiə edən zərgərlik əşyaları ilə istədiyiniz şəkildə qatlayın.",
        "full": "Melioranın boyunbağının qatlanmasına dair bələdçisinə xoş gəlmisiniz, burada yaşadığımız əsas məsləhətləri bölüşürük.Heç düşünmüsünüz ki, neçə laylı boyunbağı çox olur və ya laylı ideyalar axtarırsınız? Çaxnaşma, layinq mütəxəssisi olmağın vaxtıdır.",
        "date": "08.04.2022",
        "img1": "./Image/blog1.jpeg",
        "img2": "./Image/blog1.1.jpeg",
        "img3": "./Image/blog1.jpeg",
        "writer": "Lucy"
      },
      {
        "id": 4,
        "name": "Boyunbağı necə qatlanır?",
        "answer1": "Sonrakı nə olursa olsun, görünüşünüzün qalan hissəsi üçün lövbər rolunu oynayacaq parça.",
        "answer2": "İstər qoşa zəncirli, istərsə də cazibədar choker ilə təfərrüat əlavə edərək hər şeyi bir pillə qaldırın.",
        "answer3": "Gözləri çəkmək və diqqəti cəlb etmək üçün kulon və ya cazibə əlavə edərək görünüşü tamamlayın.",
        "answer4": "Rəng əlavə edin, bir neçə mirvari və muncuq atın və ya bir neçə minimalist zəncirlə yenidən düzəldin. Özünü ifadə etməyi müdafiə edən zərgərlik əşyaları ilə istədiyiniz şəkildə qatlayın.",
        "full": "Melioranın boyunbağının qatlanmasına dair bələdçisinə xoş gəlmisiniz, burada yaşadığımız əsas məsləhətləri bölüşürük.Heç düşünmüsünüz ki, neçə laylı boyunbağı çox olur və ya laylı ideyalar axtarırsınız? Çaxnaşma, layinq mütəxəssisi olmağın vaxtıdır.",
        "date": "08.04.2022",
        "img1": "./Image/blog1.jpeg",
        "img2": "./Image/blog1.1.jpeg",
        "img3": "./Image/blog1.jpeg",
        "writer": "Lucy"
      },
      {
        "id": 5,
        "name": "Boyunbağı necə qatlanır?",
        "answer1": "Sonrakı nə olursa olsun, görünüşünüzün qalan hissəsi üçün lövbər rolunu oynayacaq parça.",
        "answer2": "İstər qoşa zəncirli, istərsə də cazibədar choker ilə təfərrüat əlavə edərək hər şeyi bir pillə qaldırın.",
        "answer3": "Gözləri çəkmək və diqqəti cəlb etmək üçün kulon və ya cazibə əlavə edərək görünüşü tamamlayın.",
        "answer4": "Rəng əlavə edin, bir neçə mirvari və muncuq atın və ya bir neçə minimalist zəncirlə yenidən düzəldin. Özünü ifadə etməyi müdafiə edən zərgərlik əşyaları ilə istədiyiniz şəkildə qatlayın.",
        "full": "Melioranın boyunbağının qatlanmasına dair bələdçisinə xoş gəlmisiniz, burada yaşadığımız əsas məsləhətləri bölüşürük.Heç düşünmüsünüz ki, neçə laylı boyunbağı çox olur və ya laylı ideyalar axtarırsınız? Çaxnaşma, layinq mütəxəssisi olmağın vaxtıdır.",
        "date": "08.04.2022",
        "img1": "./Image/blog1.jpeg",
        "img2": "./Image/blog1.1.jpeg",
        "img3": "./Image/blog1.jpeg",
        "writer": "Lucy"
      },
      {
        "id": 6,
        "name": "Boyunbağı necə qatlanır?",
        "answer1": "Sonrakı nə olursa olsun, görünüşünüzün qalan hissəsi üçün lövbər rolunu oynayacaq parça.",
        "answer2": "İstər qoşa zəncirli, istərsə də cazibədar choker ilə təfərrüat əlavə edərək hər şeyi bir pillə qaldırın.",
        "answer3": "Gözləri çəkmək və diqqəti cəlb etmək üçün kulon və ya cazibə əlavə edərək görünüşü tamamlayın.",
        "answer4": "Rəng əlavə edin, bir neçə mirvari və muncuq atın və ya bir neçə minimalist zəncirlə yenidən düzəldin. Özünü ifadə etməyi müdafiə edən zərgərlik əşyaları ilə istədiyiniz şəkildə qatlayın.",
        "full": "Melioranın boyunbağının qatlanmasına dair bələdçisinə xoş gəlmisiniz, burada yaşadığımız əsas məsləhətləri bölüşürük.Heç düşünmüsünüz ki, neçə laylı boyunbağı çox olur və ya laylı ideyalar axtarırsınız? Çaxnaşma, layinq mütəxəssisi olmağın vaxtıdır.",
        "date": "08.04.2022",
        "img1": "./Image/blog1.jpeg",
        "img2": "./Image/blog1.1.jpeg",
        "img3": "./Image/blog1.jpeg",
        "writer": "Lucy"
      },
      {
        "id": 7,
        "name": "Boyunbağı necə qatlanır?",
        "answer1": "Sonrakı nə olursa olsun, görünüşünüzün qalan hissəsi üçün lövbər rolunu oynayacaq parça.",
        "answer2": "İstər qoşa zəncirli, istərsə də cazibədar choker ilə təfərrüat əlavə edərək hər şeyi bir pillə qaldırın.",
        "answer3": "Gözləri çəkmək və diqqəti cəlb etmək üçün kulon və ya cazibə əlavə edərək görünüşü tamamlayın.",
        "answer4": "Rəng əlavə edin, bir neçə mirvari və muncuq atın və ya bir neçə minimalist zəncirlə yenidən düzəldin. Özünü ifadə etməyi müdafiə edən zərgərlik əşyaları ilə istədiyiniz şəkildə qatlayın.",
        "full": "Melioranın boyunbağının qatlanmasına dair bələdçisinə xoş gəlmisiniz, burada yaşadığımız əsas məsləhətləri bölüşürük.Heç düşünmüsünüz ki, neçə laylı boyunbağı çox olur və ya laylı ideyalar axtarırsınız? Çaxnaşma, layinq mütəxəssisi olmağın vaxtıdır.",
        "date": "08.04.2022",
        "img1": "./Image/blog1.jpeg",
        "img2": "./Image/blog1.1.jpeg",
        "img3": "./Image/blog1.jpeg",
        "writer": "Lucy"
      },
      {
        "id": 8,
        "name": "Boyunbağı necə qatlanır?",
        "answer1": "Sonrakı nə olursa olsun, görünüşünüzün qalan hissəsi üçün lövbər rolunu oynayacaq parça.",
        "answer2": "İstər qoşa zəncirli, istərsə də cazibədar choker ilə təfərrüat əlavə edərək hər şeyi bir pillə qaldırın.",
        "answer3": "Gözləri çəkmək və diqqəti cəlb etmək üçün kulon və ya cazibə əlavə edərək görünüşü tamamlayın.",
        "answer4": "Rəng əlavə edin, bir neçə mirvari və muncuq atın və ya bir neçə minimalist zəncirlə yenidən düzəldin. Özünü ifadə etməyi müdafiə edən zərgərlik əşyaları ilə istədiyiniz şəkildə qatlayın.",
        "full": "Melioranın boyunbağının qatlanmasına dair bələdçisinə xoş gəlmisiniz, burada yaşadığımız əsas məsləhətləri bölüşürük.Heç düşünmüsünüz ki, neçə laylı boyunbağı çox olur və ya laylı ideyalar axtarırsınız? Çaxnaşma, layinq mütəxəssisi olmağın vaxtıdır.",
        "date": "08.04.2022",
        "img1": "./Image/blog1.jpeg",
        "img2": "./Image/blog1.1.jpeg",
        "img3": "./Image/blog1.jpeg",
        "writer": "Lucy"
      },
      {
        "id": 9,
        "name": "Boyunbağı necə qatlanır?",
        "answer1": "Sonrakı nə olursa olsun, görünüşünüzün qalan hissəsi üçün lövbər rolunu oynayacaq parça.",
        "answer2": "İstər qoşa zəncirli, istərsə də cazibədar choker ilə təfərrüat əlavə edərək hər şeyi bir pillə qaldırın.",
        "answer3": "Gözləri çəkmək və diqqəti cəlb etmək üçün kulon və ya cazibə əlavə edərək görünüşü tamamlayın.",
        "answer4": "Rəng əlavə edin, bir neçə mirvari və muncuq atın və ya bir neçə minimalist zəncirlə yenidən düzəldin. Özünü ifadə etməyi müdafiə edən zərgərlik əşyaları ilə istədiyiniz şəkildə qatlayın.",
        "full": "Melioranın boyunbağının qatlanmasına dair bələdçisinə xoş gəlmisiniz, burada yaşadığımız əsas məsləhətləri bölüşürük.Heç düşünmüsünüz ki, neçə laylı boyunbağı çox olur və ya laylı ideyalar axtarırsınız? Çaxnaşma, layinq mütəxəssisi olmağın vaxtıdır.",
        "date": "08.04.2022",
        "img1": "./Image/blog1.jpeg",
        "img2": "./Image/blog1.1.jpeg",
        "img3": "./Image/blog1.jpeg",
        "writer": "Lucy"
      },
      {
        "id": 10,
        "name": "Boyunbağı necə qatlanır?",
        "answer1": "Sonrakı nə olursa olsun, görünüşünüzün qalan hissəsi üçün lövbər rolunu oynayacaq parça.",
        "answer2": "İstər qoşa zəncirli, istərsə də cazibədar choker ilə təfərrüat əlavə edərək hər şeyi bir pillə qaldırın.",
        "answer3": "Gözləri çəkmək və diqqəti cəlb etmək üçün kulon və ya cazibə əlavə edərək görünüşü tamamlayın.",
        "answer4": "Rəng əlavə edin, bir neçə mirvari və muncuq atın və ya bir neçə minimalist zəncirlə yenidən düzəldin. Özünü ifadə etməyi müdafiə edən zərgərlik əşyaları ilə istədiyiniz şəkildə qatlayın.",
        "full": "Melioranın boyunbağının qatlanmasına dair bələdçisinə xoş gəlmisiniz, burada yaşadığımız əsas məsləhətləri bölüşürük.Heç düşünmüsünüz ki, neçə laylı boyunbağı çox olur və ya laylı ideyalar axtarırsınız? Çaxnaşma, layinq mütəxəssisi olmağın vaxtıdır.",
        "date": "08.04.2022",
        "img1": "./Image/blog1.jpeg",
        "img2": "./Image/blog1.1.jpeg",
        "img3": "./Image/blog1.jpeg",
        "writer": "Lucy"
      },
      {
        "id": 11,
        "name": "Boyunbağı necə qatlanır?",
        "answer1": "Sonrakı nə olursa olsun, görünüşünüzün qalan hissəsi üçün lövbər rolunu oynayacaq parça.",
        "answer2": "İstər qoşa zəncirli, istərsə də cazibədar choker ilə təfərrüat əlavə edərək hər şeyi bir pillə qaldırın.",
        "answer3": "Gözləri çəkmək və diqqəti cəlb etmək üçün kulon və ya cazibə əlavə edərək görünüşü tamamlayın.",
        "answer4": "Rəng əlavə edin, bir neçə mirvari və muncuq atın və ya bir neçə minimalist zəncirlə yenidən düzəldin. Özünü ifadə etməyi müdafiə edən zərgərlik əşyaları ilə istədiyiniz şəkildə qatlayın.",
        "full": "Melioranın boyunbağının qatlanmasına dair bələdçisinə xoş gəlmisiniz, burada yaşadığımız əsas məsləhətləri bölüşürük.Heç düşünmüsünüz ki, neçə laylı boyunbağı çox olur və ya laylı ideyalar axtarırsınız? Çaxnaşma, layinq mütəxəssisi olmağın vaxtıdır.",
        "date": "08.04.2022",
        "img1": "./Image/blog1.jpeg",
        "img2": "./Image/blog1.1.jpeg",
        "img3": "./Image/blog1.jpeg",
        "writer": "Lucy"
      },
      {
        "id": 12,
        "name": "Boyunbağı necə qatlanır?",
        "answer1": "Sonrakı nə olursa olsun, görünüşünüzün qalan hissəsi üçün lövbər rolunu oynayacaq parça.",
        "answer2": "İstər qoşa zəncirli, istərsə də cazibədar choker ilə təfərrüat əlavə edərək hər şeyi bir pillə qaldırın.",
        "answer3": "Gözləri çəkmək və diqqəti cəlb etmək üçün kulon və ya cazibə əlavə edərək görünüşü tamamlayın.",
        "answer4": "Rəng əlavə edin, bir neçə mirvari və muncuq atın və ya bir neçə minimalist zəncirlə yenidən düzəldin. Özünü ifadə etməyi müdafiə edən zərgərlik əşyaları ilə istədiyiniz şəkildə qatlayın.",
        "full": "Melioranın boyunbağının qatlanmasına dair bələdçisinə xoş gəlmisiniz, burada yaşadığımız əsas məsləhətləri bölüşürük.Heç düşünmüsünüz ki, neçə laylı boyunbağı çox olur və ya laylı ideyalar axtarırsınız? Çaxnaşma, layinq mütəxəssisi olmağın vaxtıdır.",
        "date": "08.04.2022",
        "img1": "./Image/blog1.jpeg",
        "img2": "./Image/blog1.1.jpeg",
        "img3": "./Image/blog1.jpeg",
        "writer": "Lucy"
      },
      {
        "id": 13,
        "name": "Boyunbağı necə qatlanır?",
        "answer1": "Sonrakı nə olursa olsun, görünüşünüzün qalan hissəsi üçün lövbər rolunu oynayacaq parça.",
        "answer2": "İstər qoşa zəncirli, istərsə də cazibədar choker ilə təfərrüat əlavə edərək hər şeyi bir pillə qaldırın.",
        "answer3": "Gözləri çəkmək və diqqəti cəlb etmək üçün kulon və ya cazibə əlavə edərək görünüşü tamamlayın.",
        "answer4": "Rəng əlavə edin, bir neçə mirvari və muncuq atın və ya bir neçə minimalist zəncirlə yenidən düzəldin. Özünü ifadə etməyi müdafiə edən zərgərlik əşyaları ilə istədiyiniz şəkildə qatlayın.",
        "full": "Melioranın boyunbağının qatlanmasına dair bələdçisinə xoş gəlmisiniz, burada yaşadığımız əsas məsləhətləri bölüşürük.Heç düşünmüsünüz ki, neçə laylı boyunbağı çox olur və ya laylı ideyalar axtarırsınız? Çaxnaşma, layinq mütəxəssisi olmağın vaxtıdır.",
        "date": "08.04.2022",
        "img1": "./Image/blog1.jpeg",
        "img2": "./Image/blog1.1.jpeg",
        "img3": "./Image/blog1.jpeg",
        "writer": "Lucy"
      },
      {
        "id": 14,
        "name": "Boyunbağı necə qatlanır?",
        "answer1": "Sonrakı nə olursa olsun, görünüşünüzün qalan hissəsi üçün lövbər rolunu oynayacaq parça.",
        "answer2": "İstər qoşa zəncirli, istərsə də cazibədar choker ilə təfərrüat əlavə edərək hər şeyi bir pillə qaldırın.",
        "answer3": "Gözləri çəkmək və diqqəti cəlb etmək üçün kulon və ya cazibə əlavə edərək görünüşü tamamlayın.",
        "answer4": "Rəng əlavə edin, bir neçə mirvari və muncuq atın və ya bir neçə minimalist zəncirlə yenidən düzəldin. Özünü ifadə etməyi müdafiə edən zərgərlik əşyaları ilə istədiyiniz şəkildə qatlayın.",
        "full": "Melioranın boyunbağının qatlanmasına dair bələdçisinə xoş gəlmisiniz, burada yaşadığımız əsas məsləhətləri bölüşürük.Heç düşünmüsünüz ki, neçə laylı boyunbağı çox olur və ya laylı ideyalar axtarırsınız? Çaxnaşma, layinq mütəxəssisi olmağın vaxtıdır.",
        "date": "08.04.2022",
        "img1": "./Image/blog1.jpeg",
        "img2": "./Image/blog1.1.jpeg",
        "img3": "./Image/blog1.jpeg",
        "writer": "Lucy"
      },
      {
        "id": 15,
        "name": "Boyunbağı necə qatlanır?",
        "answer1": "Sonrakı nə olursa olsun, görünüşünüzün qalan hissəsi üçün lövbər rolunu oynayacaq parça.",
        "answer2": "İstər qoşa zəncirli, istərsə də cazibədar choker ilə təfərrüat əlavə edərək hər şeyi bir pillə qaldırın.",
        "answer3": "Gözləri çəkmək və diqqəti cəlb etmək üçün kulon və ya cazibə əlavə edərək görünüşü tamamlayın.",
        "answer4": "Rəng əlavə edin, bir neçə mirvari və muncuq atın və ya bir neçə minimalist zəncirlə yenidən düzəldin. Özünü ifadə etməyi müdafiə edən zərgərlik əşyaları ilə istədiyiniz şəkildə qatlayın.",
        "full": "Melioranın boyunbağının qatlanmasına dair bələdçisinə xoş gəlmisiniz, burada yaşadığımız əsas məsləhətləri bölüşürük.Heç düşünmüsünüz ki, neçə laylı boyunbağı çox olur və ya laylı ideyalar axtarırsınız? Çaxnaşma, layinq mütəxəssisi olmağın vaxtıdır.",
        "date": "08.04.2022",
        "img1": "./Image/blog1.jpeg",
        "img2": "./Image/blog1.1.jpeg",
        "img3": "./Image/blog1.jpeg",
        "writer": "Lucy"
      },
      {
        "id": 16,
        "name": "Boyunbağı necə qatlanır?",
        "answer1": "Sonrakı nə olursa olsun, görünüşünüzün qalan hissəsi üçün lövbər rolunu oynayacaq parça.",
        "answer2": "İstər qoşa zəncirli, istərsə də cazibədar choker ilə təfərrüat əlavə edərək hər şeyi bir pillə qaldırın.",
        "answer3": "Gözləri çəkmək və diqqəti cəlb etmək üçün kulon və ya cazibə əlavə edərək görünüşü tamamlayın.",
        "answer4": "Rəng əlavə edin, bir neçə mirvari və muncuq atın və ya bir neçə minimalist zəncirlə yenidən düzəldin. Özünü ifadə etməyi müdafiə edən zərgərlik əşyaları ilə istədiyiniz şəkildə qatlayın.",
        "full": "Melioranın boyunbağının qatlanmasına dair bələdçisinə xoş gəlmisiniz, burada yaşadığımız əsas məsləhətləri bölüşürük.Heç düşünmüsünüz ki, neçə laylı boyunbağı çox olur və ya laylı ideyalar axtarırsınız? Çaxnaşma, layinq mütəxəssisi olmağın vaxtıdır.",
        "date": "08.04.2022",
        "img1": "./Image/blog1.jpeg",
        "img2": "./Image/blog1.1.jpeg",
        "img3": "./Image/blog1.jpeg",
        "writer": "Lucy"
      },
      {
        "id": 17,
        "name": "Boyunbağı necə qatlanır?",
        "answer1": "Sonrakı nə olursa olsun, görünüşünüzün qalan hissəsi üçün lövbər rolunu oynayacaq parça.",
        "answer2": "İstər qoşa zəncirli, istərsə də cazibədar choker ilə təfərrüat əlavə edərək hər şeyi bir pillə qaldırın.",
        "answer3": "Gözləri çəkmək və diqqəti cəlb etmək üçün kulon və ya cazibə əlavə edərək görünüşü tamamlayın.",
        "answer4": "Rəng əlavə edin, bir neçə mirvari və muncuq atın və ya bir neçə minimalist zəncirlə yenidən düzəldin. Özünü ifadə etməyi müdafiə edən zərgərlik əşyaları ilə istədiyiniz şəkildə qatlayın.",
        "full": "Melioranın boyunbağının qatlanmasına dair bələdçisinə xoş gəlmisiniz, burada yaşadığımız əsas məsləhətləri bölüşürük.Heç düşünmüsünüz ki, neçə laylı boyunbağı çox olur və ya laylı ideyalar axtarırsınız? Çaxnaşma, layinq mütəxəssisi olmağın vaxtıdır.",
        "date": "08.04.2022",
        "img1": "./Image/blog1.jpeg",
        "img2": "./Image/blog1.1.jpeg",
        "img3": "./Image/blog1.jpeg",
        "writer": "Lucy"
      },
      {
        "id": 18,
        "name": "Boyunbağı necə qatlanır?",
        "answer1": "Sonrakı nə olursa olsun, görünüşünüzün qalan hissəsi üçün lövbər rolunu oynayacaq parça.",
        "answer2": "İstər qoşa zəncirli, istərsə də cazibədar choker ilə təfərrüat əlavə edərək hər şeyi bir pillə qaldırın.",
        "answer3": "Gözləri çəkmək və diqqəti cəlb etmək üçün kulon və ya cazibə əlavə edərək görünüşü tamamlayın.",
        "answer4": "Rəng əlavə edin, bir neçə mirvari və muncuq atın və ya bir neçə minimalist zəncirlə yenidən düzəldin. Özünü ifadə etməyi müdafiə edən zərgərlik əşyaları ilə istədiyiniz şəkildə qatlayın.",
        "full": "Melioranın boyunbağının qatlanmasına dair bələdçisinə xoş gəlmisiniz, burada yaşadığımız əsas məsləhətləri bölüşürük.Heç düşünmüsünüz ki, neçə laylı boyunbağı çox olur və ya laylı ideyalar axtarırsınız? Çaxnaşma, layinq mütəxəssisi olmağın vaxtıdır.",
        "date": "08.04.2022",
        "img1": "./Image/blog1.jpeg",
        "img2": "./Image/blog1.1.jpeg",
        "img3": "./Image/blog1.jpeg",
        "writer": "Lucy"
      },
      {
        "id": 19,
        "name": "Boyunbağı necə qatlanır?",
        "answer1": "Sonrakı nə olursa olsun, görünüşünüzün qalan hissəsi üçün lövbər rolunu oynayacaq parça.",
        "answer2": "İstər qoşa zəncirli, istərsə də cazibədar choker ilə təfərrüat əlavə edərək hər şeyi bir pillə qaldırın.",
        "answer3": "Gözləri çəkmək və diqqəti cəlb etmək üçün kulon və ya cazibə əlavə edərək görünüşü tamamlayın.",
        "answer4": "Rəng əlavə edin, bir neçə mirvari və muncuq atın və ya bir neçə minimalist zəncirlə yenidən düzəldin. Özünü ifadə etməyi müdafiə edən zərgərlik əşyaları ilə istədiyiniz şəkildə qatlayın.",
        "full": "Melioranın boyunbağının qatlanmasına dair bələdçisinə xoş gəlmisiniz, burada yaşadığımız əsas məsləhətləri bölüşürük.Heç düşünmüsünüz ki, neçə laylı boyunbağı çox olur və ya laylı ideyalar axtarırsınız? Çaxnaşma, layinq mütəxəssisi olmağın vaxtıdır.",
        "date": "08.04.2022",
        "img1": "./Image/blog1.jpeg",
        "img2": "./Image/blog1.1.jpeg",
        "img3": "./Image/blog1.jpeg",
        "writer": "Lucy"
      },
      {
        "id": 20,
        "name": "Boyunbağı necə qatlanır?",
        "answer1": "Sonrakı nə olursa olsun, görünüşünüzün qalan hissəsi üçün lövbər rolunu oynayacaq parça.",
        "answer2": "İstər qoşa zəncirli, istərsə də cazibədar choker ilə təfərrüat əlavə edərək hər şeyi bir pillə qaldırın.",
        "answer3": "Gözləri çəkmək və diqqəti cəlb etmək üçün kulon və ya cazibə əlavə edərək görünüşü tamamlayın.",
        "answer4": "Rəng əlavə edin, bir neçə mirvari və muncuq atın və ya bir neçə minimalist zəncirlə yenidən düzəldin. Özünü ifadə etməyi müdafiə edən zərgərlik əşyaları ilə istədiyiniz şəkildə qatlayın.",
        "full": "Melioranın boyunbağının qatlanmasına dair bələdçisinə xoş gəlmisiniz, burada yaşadığımız əsas məsləhətləri bölüşürük.Heç düşünmüsünüz ki, neçə laylı boyunbağı çox olur və ya laylı ideyalar axtarırsınız? Çaxnaşma, layinq mütəxəssisi olmağın vaxtıdır.",
        "date": "08.04.2022",
        "img1": "./Image/blog1.jpeg",
        "img2": "./Image/blog1.1.jpeg",
        "img3": "./Image/blog1.jpeg",
        "writer": "Lucy"
      }
    ]
  }
  